<?xml version="1.0" encoding="UTF-8"?>
<project-private xmlns="http://www.netbeans.org/ns/project-private/1">
    <editor-bookmarks xmlns="http://www.netbeans.org/ns/editor-bookmarks/2" lastBookmarkId="0"/>
    <open-files xmlns="http://www.netbeans.org/ns/projectui-open-files/2">
        <group>
            <file>file:/C:/Users/desuf/Desktop/TCC/estudioFoto/web/listarServicos.jsp</file>
            <file>file:/C:/Users/desuf/Desktop/TCC/estudioFoto/src/java/controller/GerenciarPerfil.java</file>
            <file>file:/C:/Users/desuf/Desktop/TCC/estudioFoto/web/cadastrarUsuario.jsp</file>
            <file>file:/C:/Users/desuf/Desktop/TCC/estudioFoto/src/java/model/Servico.java</file>
            <file>file:/C:/Users/desuf/Desktop/TCC/estudioFoto/src/java/model/ServicoDAO.java</file>
            <file>file:/C:/Users/desuf/Desktop/TCC/estudioFoto/src/java/model/PerfilDAO.java</file>
            <file>file:/C:/Users/desuf/Desktop/TCC/estudioFoto/web/cadastrarPerfil.jsp</file>
            <file>file:/C:/Users/desuf/Desktop/TCC/estudioFoto/web/cadastrarServico.jsp</file>
            <file>file:/C:/Users/desuf/Desktop/TCC/estudioFoto/web/listarPerfis.jsp</file>
            <file>file:/C:/Users/desuf/Desktop/TCC/estudioFoto/src/java/controller/GerenciarServico.java</file>
            <file>file:/C:/Users/desuf/Desktop/TCC/estudioFoto/web/template/menu.jsp</file>
        </group>
    </open-files>
</project-private>
